{
  "mode": "multi_seed_data_first_conditional_gru_attention",
  "datasetRows": 12600,
  "datasetUniqueSerials": 769,
  "splitSeed": 20260302,
  "summary": {
    "nRuns": 5,
    "seedList": [
      20260305,
      20260315,
      20260325,
      20260335,
      20260345
    ],
    "testCombinedRmseMean": 0.15869835950434208,
    "testCombinedRmseStd": 0.005244337876023331,
    "validationCombinedRmseMean": 0.16904073320329188,
    "validationCombinedRmseStd": 0.0017406449967047734
  },
  "selection": {
    "selectedSeed": 20260345,
    "stabilityScore": 0.006300656124949455,
    "centerTestRmse": 0.15812938287854195,
    "selectedValidationCombinedRmse": 0.16906151920557022,
    "selectedTestCombinedRmse": 0.16739234328269958
  },
  "runs": [
    {
      "seed": 20260305,
      "bestEpoch": 30,
      "validation": {
        "first_area": {
          "mae": 0.10615821182727814,
          "rmse": 0.18135879933834076,
          "r2": 0.30481261852193386
        },
        "first_height": {
          "mae": 0.11193288862705231,
          "rmse": 0.1829303801059723,
          "r2": 0.45186676799138903
        },
        "first_width": {
          "mae": 0.059230249375104904,
          "rmse": 0.09200844168663025,
          "r2": 0.3644178169732618
        },
        "first_diff": {
          "mae": 0.142054945230484,
          "rmse": 0.2106076031923294,
          "r2": 0.550585524771073
        },
        "combinedMae": 0.10484407376497984,
        "combinedRmse": 0.16672630608081818
      },
      "test": {
        "first_area": {
          "mae": 0.08786331862211227,
          "rmse": 0.14118821918964386,
          "r2": 0.021361446089199654
        },
        "first_height": {
          "mae": 0.10440567135810852,
          "rmse": 0.16934546828269958,
          "r2": -0.08780596205442515
        },
        "first_width": {
          "mae": 0.06028089299798012,
          "rmse": 0.08852958679199219,
          "r2": 0.24439861825332598
        },
        "first_diff": {
          "mae": 0.14915582537651062,
          "rmse": 0.23515179753303528,
          "r2": -0.0019143852606580136
        },
        "combinedMae": 0.10042642708867788,
        "combinedRmse": 0.15855376794934273
      }
    },
    {
      "seed": 20260315,
      "bestEpoch": 23,
      "validation": {
        "first_area": {
          "mae": 0.10640217363834381,
          "rmse": 0.18162643909454346,
          "r2": 0.302759288761253
        },
        "first_height": {
          "mae": 0.11242988705635071,
          "rmse": 0.18282833695411682,
          "r2": 0.4524781493273444
        },
        "first_width": {
          "mae": 0.06000244989991188,
          "rmse": 0.09329133480787277,
          "r2": 0.3465700446706026
        },
        "first_diff": {
          "mae": 0.14827169477939606,
          "rmse": 0.21422988176345825,
          "r2": 0.5349934567628414
        },
        "combinedMae": 0.10677655134350061,
        "combinedRmse": 0.16799399815499783
      },
      "test": {
        "first_area": {
          "mae": 0.08390132337808609,
          "rmse": 0.1351870745420456,
          "r2": 0.10278657439198335
        },
        "first_height": {
          "mae": 0.09973134845495224,
          "rmse": 0.16204357147216797,
          "r2": 0.003980352941364451
        },
        "first_width": {
          "mae": 0.06005430221557617,
          "rmse": 0.08959246426820755,
          "r2": 0.2261464523857173
        },
        "first_diff": {
          "mae": 0.14553534984588623,
          "rmse": 0.2277774214744568,
          "r2": 0.059940463635910324
        },
        "combinedMae": 0.09730558097362518,
        "combinedRmse": 0.15365013293921947
      }
    },
    {
      "seed": 20260325,
      "bestEpoch": 19,
      "validation": {
        "first_area": {
          "mae": 0.10650232434272766,
          "rmse": 0.18375761806964874,
          "r2": 0.2863006426632684
        },
        "first_height": {
          "mae": 0.11345680058002472,
          "rmse": 0.1870952993631363,
          "r2": 0.4266231103400967
        },
        "first_width": {
          "mae": 0.05832386389374733,
          "rmse": 0.09243226051330566,
          "r2": 0.3585488486619728
        },
        "first_diff": {
          "mae": 0.14811494946479797,
          "rmse": 0.21872106194496155,
          "r2": 0.5152920113807439
        },
        "combinedMae": 0.10659948457032442,
        "combinedRmse": 0.17050155997276306
      },
      "test": {
        "first_area": {
          "mae": 0.08304250240325928,
          "rmse": 0.14142391085624695,
          "r2": 0.018091278364608887
        },
        "first_height": {
          "mae": 0.10138043761253357,
          "rmse": 0.1678425669670105,
          "r2": -0.0685837178459261
        },
        "first_width": {
          "mae": 0.06107541173696518,
          "rmse": 0.09058742225170135,
          "r2": 0.208863162413242
        },
        "first_diff": {
          "mae": 0.1463962346315384,
          "rmse": 0.23266363143920898,
          "r2": 0.019176122426463715
        },
        "combinedMae": 0.0979736465960741,
        "combinedRmse": 0.15812938287854195
      }
    },
    {
      "seed": 20260335,
      "bestEpoch": 18,
      "validation": {
        "first_area": {
          "mae": 0.10618571937084198,
          "rmse": 0.1802932769060135,
          "r2": 0.3129574197094087
        },
        "first_height": {
          "mae": 0.11775373667478561,
          "rmse": 0.18706898391246796,
          "r2": 0.426784398625655
        },
        "first_width": {
          "mae": 0.06183142215013504,
          "rmse": 0.09461399912834167,
          "r2": 0.32791039941766464
        },
        "first_diff": {
          "mae": 0.1547982394695282,
          "rmse": 0.2217048704624176,
          "r2": 0.5019769553747773
        },
        "combinedMae": 0.11014227941632271,
        "combinedRmse": 0.17092028260231018
      },
      "test": {
        "first_area": {
          "mae": 0.08345533907413483,
          "rmse": 0.13986289501190186,
          "r2": 0.03964807591609887
        },
        "first_height": {
          "mae": 0.10050971060991287,
          "rmse": 0.16530951857566833,
          "r2": -0.0365732965028962
        },
        "first_width": {
          "mae": 0.05952126160264015,
          "rmse": 0.08825500309467316,
          "r2": 0.24907854551149855
        },
        "first_diff": {
          "mae": 0.144471675157547,
          "rmse": 0.2296372652053833,
          "r2": 0.04452624633821123
        },
        "combinedMae": 0.09698949661105871,
        "combinedRmse": 0.15576617047190666
      }
    },
    {
      "seed": 20260345,
      "bestEpoch": 27,
      "validation": {
        "first_area": {
          "mae": 0.10603398084640503,
          "rmse": 0.18257498741149902,
          "r2": 0.2954575453104705
        },
        "first_height": {
          "mae": 0.11150380223989487,
          "rmse": 0.18618540465831757,
          "r2": 0.4321865618773105
        },
        "first_width": {
          "mae": 0.05772100016474724,
          "rmse": 0.09131532907485962,
          "r2": 0.37395748405098217
        },
        "first_diff": {
          "mae": 0.14223244786262512,
          "rmse": 0.21617035567760468,
          "r2": 0.5265313160366283
        },
        "combinedMae": 0.10437280777841806,
        "combinedRmse": 0.16906151920557022
      },
      "test": {
        "first_area": {
          "mae": 0.08862347155809402,
          "rmse": 0.15529067814350128,
          "r2": -0.18390331520490144
        },
        "first_height": {
          "mae": 0.1029340848326683,
          "rmse": 0.1830015331506729,
          "r2": -0.27032188137407087
        },
        "first_width": {
          "mae": 0.060493841767311096,
          "rmse": 0.08932064473628998,
          "r2": 0.2308349357998265
        },
        "first_diff": {
          "mae": 0.14545303583145142,
          "rmse": 0.24195651710033417,